{
  "owner": "thomaslwang",
  "slug": "openguardrails",
  "displayName": "OpenGuardrails",
  "latest": {
    "version": "3.0.2",
    "publishedAt": 1770419377205,
    "commit": "https://github.com/openclaw/skills/commit/274a4b85f0ba4fdf9ce62613492d8a4cc608f1fb"
  },
  "history": [
    {
      "version": "3.0.0",
      "publishedAt": 1770418302793,
      "commit": "https://github.com/openclaw/skills/commit/ca8653f5b02eeb3a66e489c3f153fbdfb7054047"
    },
    {
      "version": "2.0.0",
      "publishedAt": 1770337384991,
      "commit": "https://github.com/openclaw/skills/commit/f5d77ac3bfd227d73223abc26e3fcd4a300c588c"
    },
    {
      "version": "1.1.0",
      "publishedAt": 1770306971914,
      "commit": "https://github.com/clawdbot/skills/commit/91e5fe31ec22061c5f1be025c2a0a1ca2adf3509"
    }
  ]
}
